Node,Group
https://www.makeyourmarkdigital.com/author/makeyourmark/,Author
https://www.makeyourmarkdigital.com/author/trevor/,Author
https://www.makeyourmarkdigital.com/blog/,Blog
https://www.makeyourmarkdigital.com/blog/page/1/,Blog
https://www.makeyourmarkdigital.com/blog/page/2/,Blog
https://www.makeyourmarkdigital.com/blog/page/3/,Blog
https://www.makeyourmarkdigital.com/blog/page/4/,Blog
https://www.makeyourmarkdigital.com/blog/page/5/,Blog
https://www.makeyourmarkdigital.com/blog/page/6/,Blog
https://www.makeyourmarkdigital.com/blog/page/7/,Blog
https://www.makeyourmarkdigital.com/blog/page/8/,Blog
https://www.makeyourmarkdigital.com/blog/page/9/,Blog
https://www.makeyourmarkdigital.com/careers/,Careers
https://www.makeyourmarkdigital.com/careers/creative-digital-marketing-manager/,Careers
https://www.makeyourmarkdigital.com/careers/digital-marketing-coordinator/,Careers
https://www.makeyourmarkdigital.com/careers/full-stack-developer/,Careers
https://www.makeyourmarkdigital.com/careers/graphic-designer/,Careers
https://www.makeyourmarkdigital.com/careers/marketing-administrative-assistant/,Careers
https://www.makeyourmarkdigital.com/careers/part-time-copywriter/,Careers
https://www.makeyourmarkdigital.com/careers/part-time-email-marketing-expert/,Careers
https://www.makeyourmarkdigital.com/careers/part-time-growth-marketing-expert/,Careers
https://www.makeyourmarkdigital.com/careers/part-time-remote-affiliate-marketing-manager/,Careers
https://www.makeyourmarkdigital.com/careers/part-time-seo-and-advertising-content-writer/,Careers
https://www.makeyourmarkdigital.com/careers/ppc-manager/,Careers
https://www.makeyourmarkdigital.com/careers/seo-manager/,Careers
https://www.makeyourmarkdigital.com/careers/seo-specialist/,Careers
https://www.makeyourmarkdigital.com/careers/social-media-manager/,Careers
https://www.makeyourmarkdigital.com/category/analytics/,Category
https://www.makeyourmarkdigital.com/category/analytics/page/2/,Category
https://www.makeyourmarkdigital.com/category/artificial-intelligence/,Category
https://www.makeyourmarkdigital.com/category/ecommerce/,Category
https://www.makeyourmarkdigital.com/category/ecommerce/ecommerce-and-ai/,Category
https://www.makeyourmarkdigital.com/category/ecommerce/ecommerce-and-analytics/,Category
https://www.makeyourmarkdigital.com/category/ecommerce/ecommerce-and-holidays/,Category
https://www.makeyourmarkdigital.com/category/ecommerce/ecommerce-and-influencer-marketing/,Category
https://www.makeyourmarkdigital.com/category/ecommerce/page/2/,Category
https://www.makeyourmarkdigital.com/category/ecommerce/page/3/,Category
https://www.makeyourmarkdigital.com/category/online-advertising/,Category
https://www.makeyourmarkdigital.com/category/online-advertising/amazon-advertising/,Category
https://www.makeyourmarkdigital.com/category/online-advertising/google-ads/,Category
https://www.makeyourmarkdigital.com/category/online-advertising/page/2/,Category
https://www.makeyourmarkdigital.com/category/online-advertising/page/3/,Category
https://www.makeyourmarkdigital.com/category/online-advertising/page/4/,Category
https://www.makeyourmarkdigital.com/category/online-advertising/pay-per-click-ppc/,Category
https://www.makeyourmarkdigital.com/category/online-advertising/social-media-advertising/,Category
https://www.makeyourmarkdigital.com/category/online-advertising/social-media-advertising/facebook-advertising/,Category
https://www.makeyourmarkdigital.com/category/online-advertising/social-media-advertising/instagram-advertising/,Category
https://www.makeyourmarkdigital.com/category/online-advertising/social-media-advertising/linkedin-advertising/,Category
https://www.makeyourmarkdigital.com/category/online-advertising/social-media-advertising/page/2/,Category
https://www.makeyourmarkdigital.com/category/online-advertising/social-media-advertising/tiktok-advertising/,Category
https://www.makeyourmarkdigital.com/category/online-advertising/social-media-advertising/youtube-advertising/,Category
https://www.makeyourmarkdigital.com/category/online-marketing/,Category
https://www.makeyourmarkdigital.com/category/online-marketing/email-marketing/,Category
https://www.makeyourmarkdigital.com/category/online-marketing/inbound-marketing/,Category
https://www.makeyourmarkdigital.com/category/online-marketing/inbound-marketing/content-marketing/,Category
https://www.makeyourmarkdigital.com/category/online-marketing/inbound-marketing/content-marketing/page/2/,Category
https://www.makeyourmarkdigital.com/category/online-marketing/inbound-marketing/content-marketing/page/3/,Category
https://www.makeyourmarkdigital.com/category/online-marketing/inbound-marketing/page/2/,Category
https://www.makeyourmarkdigital.com/category/online-marketing/inbound-marketing/page/3/,Category
https://www.makeyourmarkdigital.com/category/online-marketing/inbound-marketing/page/4/,Category
https://www.makeyourmarkdigital.com/category/online-marketing/inbound-marketing/page/5/,Category
https://www.makeyourmarkdigital.com/category/online-marketing/inbound-marketing/personalized-content/,Category
https://www.makeyourmarkdigital.com/category/online-marketing/inbound-marketing/push-notifications/,Category
https://www.makeyourmarkdigital.com/category/online-marketing/inbound-marketing/storytelling/,Category
https://www.makeyourmarkdigital.com/category/online-marketing/inbound-marketing/video-content/,Category
https://www.makeyourmarkdigital.com/category/online-marketing/inbound-marketing/video-content/page/2/,Category
https://www.makeyourmarkdigital.com/category/online-marketing/influencer-marketing/,Category
https://www.makeyourmarkdigital.com/category/online-marketing/mobile-marketing/,Category
https://www.makeyourmarkdigital.com/category/online-marketing/page/2/,Category
https://www.makeyourmarkdigital.com/category/online-marketing/page/3/,Category
https://www.makeyourmarkdigital.com/category/online-marketing/page/6/,Category
https://www.makeyourmarkdigital.com/category/online-marketing/page/7/,Category
https://www.makeyourmarkdigital.com/category/online-marketing/social-media-marketing/,Category
https://www.makeyourmarkdigital.com/category/online-marketing/social-media-marketing/facebook-marketing/,Category
https://www.makeyourmarkdigital.com/category/online-marketing/social-media-marketing/instagram-marketing/,Category
https://www.makeyourmarkdigital.com/category/online-marketing/social-media-marketing/linkedin-marketing/,Category
https://www.makeyourmarkdigital.com/category/online-marketing/social-media-marketing/page/2/,Category
https://www.makeyourmarkdigital.com/category/online-marketing/social-media-marketing/page/3/,Category
https://www.makeyourmarkdigital.com/category/online-marketing/social-media-marketing/tiktok-marketing/,Category
https://www.makeyourmarkdigital.com/category/online-marketing/social-media-marketing/youtube-marketing/,Category
https://www.makeyourmarkdigital.com/category/seo/,Category
https://www.makeyourmarkdigital.com/category/seo/content-hubs/,Category
https://www.makeyourmarkdigital.com/category/seo/page/2/,Category
https://www.makeyourmarkdigital.com/category/seo/website-traffic/,Category
https://www.makeyourmarkdigital.com/category/seo/website-traffic/page/2/,Category
https://www.makeyourmarkdigital.com/category/tools-and-resources/,Category
https://www.makeyourmarkdigital.com/category/tools-and-resources/glossary/,Category
https://www.makeyourmarkdigital.com/category/tools-and-resources/page/2/,Category
https://www.makeyourmarkdigital.com/connect/,Connect
https://www.makeyourmarkdigital.com/about/,About
https://www.makeyourmarkdigital.com/make-your-mark-digital-marketing-glossary/,Glossary
https://www.makeyourmarkdigital.com/marketing-agency/,Agency
https://www.makeyourmarkdigital.com/marketing-knowledge-base/,Knowledge Base
https://www.makeyourmarkdigital.com/services/,Services Page
https://www.makeyourmarkdigital.com/work/,Work
https://www.makeyourmarkdigital.com/,Home
https://www.makeyourmarkdigital.com/portfolio-category/check-our-bog/,Portfolio
https://www.makeyourmarkdigital.com/portfolio-category/connect-with-us1/,Portfolio
https://www.makeyourmarkdigital.com/portfolio-category/explore-services/,Portfolio
https://www.makeyourmarkdigital.com/portfolio-category/get-to-know-make-your-mark/,Portfolio
https://www.makeyourmarkdigital.com/portfolio-category/our-work/,Portfolio
https://www.makeyourmarkdigital.com/portfolio/biovector/,Portfolio
https://www.makeyourmarkdigital.com/portfolio/little-partners/,Portfolio
https://www.makeyourmarkdigital.com/portfolio/massmutual/,Portfolio
https://www.makeyourmarkdigital.com/portfolio/mccarley-international/,Portfolio
https://www.makeyourmarkdigital.com/portfolio/mccarley-international/%20,Portfolio
https://www.makeyourmarkdigital.com/portfolio/metrocity/,Portfolio
https://www.makeyourmarkdigital.com/portfolio/metrocity/%20,Portfolio
https://www.makeyourmarkdigital.com/portfolio/prelude-solutions/,Portfolio
https://www.makeyourmarkdigital.com/portfolio/santorian/,Portfolio
https://www.makeyourmarkdigital.com/portfolio/santorian/%20,Portfolio
https://www.makeyourmarkdigital.com/portfolio/wl-capital-partners/,Portfolio
https://www.makeyourmarkdigital.com/10-biggest-youtube-blunders-you-should-avoid/,Post
https://www.makeyourmarkdigital.com/2021-digital-marketing-trends-to-put-on-your-radar/,Post
https://www.makeyourmarkdigital.com/2021-ecommerce-trends-that-should-be-on-your-radar/,Post
https://www.makeyourmarkdigital.com/5-linkedin-marketing-tools-you-should-be-using/,Post
https://www.makeyourmarkdigital.com/5-ppc-trends-to-watch/,Post
https://www.makeyourmarkdigital.com/5-things-to-look-for-in-a-philadelphia-digital-marketing-agency,Post
https://www.makeyourmarkdigital.com/5-things-to-look-for-in-a-philadelphia-digital-marketing-agency/,Post
https://www.makeyourmarkdigital.com/8-ecommerce-marketing-strategies-to-help-grow-your-business/,Post
https://www.makeyourmarkdigital.com/8-storytelling-tips-your-content-marketing-team-should-use/,Post
https://www.makeyourmarkdigital.com/account-based-marketing/,Post
https://www.makeyourmarkdigital.com/ai-and-technical-writing/,Post
https://www.makeyourmarkdigital.com/ai-and-the-future-of-digital-marketing/,Post
https://www.makeyourmarkdigital.com/amazon-seller-account-setup-guide/,Post
https://www.makeyourmarkdigital.com/b2b-and-b2c-content-marketing-tips/,Post
https://www.makeyourmarkdigital.com/be-my-influencer/,Post
https://www.makeyourmarkdigital.com/build-a-more-effective-mobile-marketing-campaign/,Post
https://www.makeyourmarkdigital.com/content-marketing-trends-to-watch-for-the-rest-of-2021/,Post
https://www.makeyourmarkdigital.com/digital-marketing-tips-for-startups/,Post
https://www.makeyourmarkdigital.com/digital-marketing-tips-how-to-be-successful-with-google-ads/,Post
https://www.makeyourmarkdigital.com/ecommerce-seo-strategy/,Post
https://www.makeyourmarkdigital.com/facebook-marketing-strategy/,Post
https://www.makeyourmarkdigital.com/feeling-branding/,Post
https://www.makeyourmarkdigital.com/get-your-holiday-retargeting-right-with-these-tips/,Post
https://www.makeyourmarkdigital.com/google-remarketing-strategy/,Post
https://www.makeyourmarkdigital.com/grow-your-business-with-facebook-advertising/,Post
https://www.makeyourmarkdigital.com/how-does-your-content-read-common-seo-mistakes-to-avoid/,Post
https://www.makeyourmarkdigital.com/how-to-host-a-webinar-like-an-online-pro/,Post
https://www.makeyourmarkdigital.com/how-to-increase-website-traffic/,Post
https://www.makeyourmarkdigital.com/how-to-work-with-ai/,Post
https://www.makeyourmarkdigital.com/inbound-marketing-strategy-customer-journey-map-critical/,Post
https://www.makeyourmarkdigital.com/increase-brand-awareness-with-google-adwords/,Post
https://www.makeyourmarkdigital.com/influencers-and-digital-marketing-the-digital-influencer/,Post
https://www.makeyourmarkdigital.com/instagram-advertising-strategy/,Post
https://www.makeyourmarkdigital.com/instagram-marketing-tips-and-strategies-for-your-business/,Post
https://www.makeyourmarkdigital.com/is-tiktok-good-for-advertising/,Post
https://www.makeyourmarkdigital.com/level-up-your-ecommerce-conversions-with-instagram/,Post
https://www.makeyourmarkdigital.com/linkedin-lead-acquisition/,Post
https://www.makeyourmarkdigital.com/marketing-analytics-kpi/,Post
https://www.makeyourmarkdigital.com/marketing-trends-to-watch-in-2020/,Post
https://www.makeyourmarkdigital.com/meta-tags-for-dummies/,Post
https://www.makeyourmarkdigital.com/most-popular-digital-marketing-automation-software-tools/,Post
https://www.makeyourmarkdigital.com/new-google-ads-update-helps-businesses-capture-new-leads/,Post
https://www.makeyourmarkdigital.com/nine-ways-to-use-data-analytics-in-your-business/,Post
https://www.makeyourmarkdigital.com/ppc-advertising-tricks-and-tips/,Post
https://www.makeyourmarkdigital.com/ppc-for-ecommerce-what-you-need-to-know/,Post
https://www.makeyourmarkdigital.com/ppc-strategies-for-businesses/,Post
https://www.makeyourmarkdigital.com/ppc-strategies-for-ecommerce-businesses/,Post
https://www.makeyourmarkdigital.com/running-facebook-ads-for-amazon-products/,Post
https://www.makeyourmarkdigital.com/save-your-ecommerce-holiday-season-from-the-grinch/,Post
https://www.makeyourmarkdigital.com/seo-content-hubs-optimizing-content-for-maximum-visibility/,Post
https://www.makeyourmarkdigital.com/social-media-campaign-examples/,Post
https://www.makeyourmarkdigital.com/social-media-marketing-agency-philadelphia/,Post
https://www.makeyourmarkdigital.com/teach-me-to-tiktok/,Post
https://www.makeyourmarkdigital.com/the-benefits-of-email-marketing-for-b2c-and-ecommerce-companies/,Post
https://www.makeyourmarkdigital.com/the-full-guide-to-influencer-marketing/,Post
https://www.makeyourmarkdigital.com/the-hottest-digital-marketing-strategies-of-2019/,Post
https://www.makeyourmarkdigital.com/tiktok-as-a-search-engine/,Post
https://www.makeyourmarkdigital.com/tips-and-tricks-for-selling-on-amazon/,Post
https://www.makeyourmarkdigital.com/top-10-chrome-extensions-for-social-media-marketers-blog/,Post
https://www.makeyourmarkdigital.com/top-7-digital-marketing-insights-2023/,Post
https://www.makeyourmarkdigital.com/top-8-linkedin-sales-navigator-tips-to-maximize-prospecting/,Post
https://www.makeyourmarkdigital.com/top-five-digital-marketing-trends-for-2022/,Post
https://www.makeyourmarkdigital.com/top-six-inbound-marketing-trends-for-2022/,Post
https://www.makeyourmarkdigital.com/video-killed-the-print-ad-star/,Post
https://www.makeyourmarkdigital.com/what-is-digital-strategy/,Post
https://www.makeyourmarkdigital.com/what-is-linkedin-sponsored-content-tips-and-best-practices/,Post
https://www.makeyourmarkdigital.com/what-is-task-automation-and-how-much-should-you-do-with-it/,Post
https://www.makeyourmarkdigital.com/what-to-look-for-in-a-philadelphia-seo-company/,Post
https://www.makeyourmarkdigital.com/what-to-look-for-when-searching-for-a-philadelphia-branding-agency/,Post
https://www.makeyourmarkdigital.com/why-every-marketing-program-needs-a-digital-marketing-analyst-and-analytics-tools,Post
https://www.makeyourmarkdigital.com/why-every-marketing-program-needs-a-digital-marketing-analyst-and-analytics-tools/,Post
https://www.makeyourmarkdigital.com/why-you-should-outsource-digital-marketing/,Post
https://www.makeyourmarkdigital.com/you-yourself-and-ai/,Post
https://www.makeyourmarkdigital.com/chatbots-the-bot-that-can-do-a-lot/,Posts
https://www.makeyourmarkdigital.com/design-development-services/,Services
https://www.makeyourmarkdigital.com/digital-marketing-agency-in-philadelphia-pa/,Services
https://www.makeyourmarkdigital.com/digital-marketing-pittsburgh-pa/,Services
https://www.makeyourmarkdigital.com/digital-strategy/,Services
https://www.makeyourmarkdigital.com/ecommerce-marketing/,Services
https://www.makeyourmarkdigital.com/google-adwords-and-bing-advertising/,Services
https://www.makeyourmarkdigital.com/healthcare-digital-marketing-agency/,Services
https://www.makeyourmarkdigital.com/healthcare-marketing-video-introduction-linkedin/,Services
https://www.makeyourmarkdigital.com/healthcare-marketing-video-introduction-offer/,Services
https://www.makeyourmarkdigital.com/healthcare-marketing-video-introduction/,Services
https://www.makeyourmarkdigital.com/healthcare-marketing/,Services
https://www.makeyourmarkdigital.com/healthcare-marketingthank-you/,Services
https://www.makeyourmarkdigital.com/inbound-marketing/,Services
https://www.makeyourmarkdigital.com/non-profit-marketing-video-introduction/,Services
https://www.makeyourmarkdigital.com/search-engine-optimization-seo/,Services
https://www.makeyourmarkdigital.com/seo-and-social-media/,Services
https://www.makeyourmarkdigital.com/seo-for-ecommerce/,Services
https://www.makeyourmarkdigital.com/seo-for-saas/,Services
https://www.makeyourmarkdigital.com/social-media-advertising-services/,Services
https://www.makeyourmarkdigital.com/sitemap/,Sitemap
